{
  "version": 1,
  "author": "ARAVIND",
  "editor": "wokwi",
  "parts": [
    { "type": "wokwi-breadboard-half", "id": "bb1", "top": 45, "left": -371.6, "attrs": {} },
    { "type": "board-esp32-devkit-c-v4", "id": "esp", "top": -316.8, "left": 340.84, "attrs": {} },
    {
      "type": "wokwi-hc-sr04",
      "id": "ultrasonic1",
      "top": 347.1,
      "left": 360.7,
      "attrs": { "distance": "14" }
    },
    { "type": "wokwi-led", "id": "led1", "top": 73.2, "left": -217, "attrs": { "color": "red" } },
    {
      "type": "wokwi-led",
      "id": "led2",
      "top": 73.2,
      "left": -265,
      "attrs": { "color": "yellow" }
    },
    {
      "type": "wokwi-led",
      "id": "led3",
      "top": 73.2,
      "left": -303.4,
      "attrs": { "color": "limegreen" }
    },
    { "type": "wokwi-hc-sr04", "id": "ultrasonic2", "top": -17.7, "left": 1013.5, "attrs": {} },
    { "type": "wokwi-led", "id": "led4", "top": 92.4, "left": -92.2, "attrs": { "color": "red" } },
    {
      "type": "wokwi-led",
      "id": "led5",
      "top": 92.4,
      "left": -130.6,
      "attrs": { "color": "yellow" }
    },
    {
      "type": "wokwi-led",
      "id": "led6",
      "top": 92.4,
      "left": -169,
      "attrs": { "color": "limegreen" }
    },
    {
      "type": "wokwi-lcd2004",
      "id": "lcd2",
      "top": -80,
      "left": 543.2,
      "attrs": { "pins": "i2c" }
    }
  ],
  "connections": [
    [ "esp:TX", "$serialMonitor:RX", "", [] ],
    [ "esp:RX", "$serialMonitor:TX", "", [] ],
    [ "ultrasonic1:GND", "bb1:tn.21", "black", [ "v0" ] ],
    [ "ultrasonic1:VCC", "bb1:tp.21", "red", [ "v0" ] ],
    [ "esp:GND.1", "bb1:tn.25", "black", [ "h0" ] ],
    [ "ultrasonic1:TRIG", "esp:12", "blue", [ "v-480", "h-182.8", "v-134.4" ] ],
    [ "ultrasonic1:ECHO", "esp:14", "yellow", [ "v-537.6", "h-144.8", "v-86.4" ] ],
    [ "esp:5V", "bb1:tp.25", "red", [ "h0" ] ],
    [ "led2:C", "bb1:tn.8", "black", [ "h-18.8", "v-47.9" ] ],
    [ "led3:C", "bb1:tn.9", "black", [ "h-28.4", "v-38.4", "v0", "h65.6" ] ],
    [ "led1:C", "bb1:tn.11", "black", [ "h-18.8", "v-47.9" ] ],
    [ "led3:A", "esp:26", "green", [ "h19.2", "v-316.8" ] ],
    [ "led2:A", "esp:25", "gold", [ "v0" ] ],
    [ "led1:A", "esp:33", "#8f4814", [ "v0" ] ],
    [
      "ultrasonic2:VCC",
      "bb1:tp.20",
      "red",
      [ "v48", "h-518.4", "v-48", "h-710.4", "v-105.6", "h-192", "v19.2" ]
    ],
    [ "ultrasonic2:GND", "bb1:tn.20", "black", [ "v67.2", "h-826.8", "v0", "h-624", "v-76.7" ] ],
    [
      "ultrasonic2:TRIG",
      "esp:27",
      "green",
      [ "v86.4", "h-797.2", "v-307.2", "h-182.4", "v-105.6" ]
    ],
    [
      "ultrasonic2:ECHO",
      "esp:13",
      "green",
      [ "v105.6", "h-826.4", "v-307.2", "h-172.8", "v-86.4" ]
    ],
    [ "esp:TX", "esp:RX", "green", [ "h9.6", "v9.6" ] ],
    [
      "led4:A",
      "esp:18",
      "red",
      [ "v9.6", "h86.4", "v-355.2", "h297.6", "v-124.8", "h163.2", "v124.8" ]
    ],
    [ "led5:A", "esp:19", "yellow", [ "v28.8", "h172.8", "v-508.8", "h432", "v124.8" ] ],
    [ "led6:A", "esp:23", "green", [ "v19.2", "h364.8", "v-480", "h240", "v48" ] ],
    [ "led4:C", "bb1:tn.18", "black", [ "v0" ] ],
    [ "led5:C", "bb1:tn.17", "black", [ "v0" ] ],
    [ "led6:C", "bb1:tn.16", "black", [ "v9.6", "h-28.4" ] ],
    [ "lcd2:GND", "bb1:tn.23", "black", [ "h-489.6", "v9.6" ] ],
    [ "lcd2:VCC", "bb1:tp.24", "red", [ "h0" ] ],
    [ "esp:21", "lcd2:SDA", "green", [ "h96", "v201.6" ] ],
    [ "esp:22", "lcd2:SCL", "green", [ "h134.4", "v240" ] ],
    [ "led1:A", "bb1:17t.c", "", [ "$bb" ] ],
    [ "led1:C", "bb1:16t.c", "", [ "$bb" ] ],
    [ "led2:A", "bb1:12t.c", "", [ "$bb" ] ],
    [ "led2:C", "bb1:11t.c", "", [ "$bb" ] ],
    [ "led3:A", "bb1:8t.c", "", [ "$bb" ] ],
    [ "led3:C", "bb1:7t.c", "", [ "$bb" ] ],
    [ "led4:A", "bb1:30t.e", "", [ "$bb" ] ],
    [ "led4:C", "bb1:29t.e", "", [ "$bb" ] ],
    [ "led5:A", "bb1:26t.e", "", [ "$bb" ] ],
    [ "led5:C", "bb1:25t.e", "", [ "$bb" ] ],
    [ "led6:A", "bb1:22t.e", "", [ "$bb" ] ],
    [ "led6:C", "bb1:21t.e", "", [ "$bb" ] ]
  ],
  "dependencies": {}
}