{
  "version": 1,
  "author": "ARAVIND V",
  "editor": "wokwi",
  "parts": [
    { "type": "wokwi-breadboard-half", "id": "bb1", "top": 45, "left": -371.6, "attrs": {} },
    { "type": "board-esp32-devkit-c-v4", "id": "esp", "top": -316.8, "left": 340.84, "attrs": {} },
    {
      "type": "wokwi-hc-sr04",
      "id": "ultrasonic1",
      "top": 347.1,
      "left": 360.7,
      "attrs": { "distance": "14" }
    },
    {
      "type": "wokwi-lcd1602",
      "id": "lcd1",
      "top": -41.6,
      "left": 543.2,
      "attrs": { "pins": "i2c" }
    },
    { "type": "wokwi-led", "id": "led1", "top": 73.2, "left": -217, "attrs": { "color": "red" } },
    {
      "type": "wokwi-led",
      "id": "led2",
      "top": 73.2,
      "left": -265,
      "attrs": { "color": "yellow" }
    },
    {
      "type": "wokwi-led",
      "id": "led3",
      "top": 73.2,
      "left": -303.4,
      "attrs": { "color": "limegreen" }
    },
    { "type": "wokwi-led", "id": "led4", "top": 92.4, "left": -217, "attrs": { "color": "red" } },
    {
      "type": "wokwi-led",
      "id": "led5",
      "top": 92.4,
      "left": -265,
      "attrs": { "color": "yellow" }
    },
    {
      "type": "wokwi-led",
      "id": "led6",
      "top": 92.4,
      "left": -303.4,
      "attrs": { "color": "green" }
    },
    { "type": "wokwi-servo", "id": "servo1", "top": 142, "left": 134.4, "attrs": {} }
  ],
  "connections": [
    [ "esp:TX", "$serialMonitor:RX", "", [] ],
    [ "esp:RX", "$serialMonitor:TX", "", [] ],
    [ "ultrasonic1:GND", "bb1:tn.21", "black", [ "v0" ] ],
    [ "ultrasonic1:VCC", "bb1:tp.21", "red", [ "v0" ] ],
    [ "esp:GND.1", "bb1:tn.25", "black", [ "h0" ] ],
    [ "ultrasonic1:TRIG", "esp:12", "blue", [ "v0" ] ],
    [ "ultrasonic1:ECHO", "esp:14", "yellow", [ "v0" ] ],
    [ "lcd1:GND", "bb1:tn.23", "black", [ "h0" ] ],
    [ "lcd1:VCC", "bb1:tp.24", "red", [ "h0" ] ],
    [ "esp:5V", "bb1:tp.25", "red", [ "h0" ] ],
    [ "lcd1:SCL", "esp:22", "yellow", [ "h-76.8", "v-9.3" ] ],
    [ "lcd1:SDA", "esp:21", "blue", [ "h-57.6", "v-47.8" ] ],
    [ "led2:C", "bb1:tn.8", "black", [ "h-18.8", "v-47.9" ] ],
    [ "led3:C", "bb1:tn.9", "black", [ "h-28.4", "v-38.4", "v0", "h65.6" ] ],
    [ "led1:C", "bb1:tn.11", "black", [ "h-18.8", "v-47.9" ] ],
    [ "led3:A", "esp:26", "green", [ "h19.2", "v-316.8" ] ],
    [ "led2:A", "esp:25", "gold", [ "v0" ] ],
    [ "led1:A", "esp:33", "#8f4814", [ "v0" ] ],
    [ "servo1:GND", "bb1:tn.24", "black", [ "h57.6", "v-259.1" ] ],
    [ "servo1:V+", "bb1:tp.24", "red", [ "h-86.4", "v-38.6" ] ],
    [ "servo1:PWM", "esp:4", "violet", [ "h48", "v-364.6" ] ],
    [ "led1:A", "bb1:17t.c", "", [ "$bb" ] ],
    [ "led1:C", "bb1:16t.c", "", [ "$bb" ] ],
    [ "led2:A", "bb1:12t.c", "", [ "$bb" ] ],
    [ "led2:C", "bb1:11t.c", "", [ "$bb" ] ],
    [ "led3:A", "bb1:8t.c", "", [ "$bb" ] ],
    [ "led3:C", "bb1:7t.c", "", [ "$bb" ] ],
    [ "led4:A", "bb1:17t.e", "", [ "$bb" ] ],
    [ "led4:C", "bb1:16t.e", "", [ "$bb" ] ],
    [ "led5:A", "bb1:12t.e", "", [ "$bb" ] ],
    [ "led5:C", "bb1:11t.e", "", [ "$bb" ] ],
    [ "led6:A", "bb1:8t.e", "", [ "$bb" ] ],
    [ "led6:C", "bb1:7t.e", "", [ "$bb" ] ]
  ],
  "dependencies": {}
}